step,micro_step,loss,resumed_from_step
1,4,0.007826579734683037,0
2,8,0.01194834802299738,0
3,10,0.22036677598953247,0
4,14,0.45834851264953613,0
5,18,0.42865169048309326,0
6,22,0.006871135905385017,0
7,26,0.479318767786026,0
8,30,0.05360547453165054,0
9,34,0.12743233144283295,0
10,38,0.05268487334251404,0
11,42,0.684731662273407,0
12,46,0.17087090015411377,0
13,50,0.28072479367256165,0
14,54,0.013023106381297112,0
15,58,0.04074164479970932,0
16,62,0.1310073584318161,0
17,66,0.22149017453193665,0
18,70,0.0780714899301529,0
19,74,0.043490320444107056,0
20,78,0.010201213881373405,0
21,82,0.027399493381381035,0
22,86,0.0820540264248848,0
23,90,0.02718636393547058,0
24,94,0.33343589305877686,0
25,98,0.007083317264914513,0
26,102,0.5700618028640747,0
27,106,0.30892032384872437,0
28,110,0.006643733009696007,0
29,114,0.017436742782592773,0
30,118,0.38030946254730225,0
31,122,0.22015130519866943,0
32,126,0.1902369111776352,0
33,130,0.7039026021957397,0
34,134,0.004713329486548901,0
35,138,0.06905020028352737,0
36,142,0.013977818191051483,0
37,146,0.35814857482910156,0
38,150,0.06817987561225891,0
39,154,0.01903357170522213,0
40,158,0.35082322359085083,0
41,162,0.25555121898651123,0
42,166,0.033385198563337326,0
43,170,0.006861540488898754,0
44,174,0.026119709014892578,0
45,178,0.1019248217344284,0
46,182,0.022668499499559402,0
47,186,0.12401679158210754,0
48,190,0.40473026037216187,0
49,194,0.14717352390289307,0
50,198,0.005156841594725847,0
51,202,0.02524126134812832,0
52,206,0.006667868234217167,0
53,210,0.0063549187034368515,0
54,214,0.0063718874007463455,0
55,218,0.04552622139453888,0
56,222,0.059419892728328705,0
57,226,0.06383335590362549,0
58,230,0.19740012288093567,0
59,234,0.1843140572309494,0
60,238,0.09327936172485352,0
61,242,0.38523873686790466,0
62,246,0.21004492044448853,0
63,250,0.05588439106941223,0
64,254,0.35914695262908936,0
65,258,0.564452588558197,0
66,262,0.013990769162774086,0
67,266,0.14661937952041626,0
68,270,0.16454535722732544,0
69,274,0.07634487748146057,0
70,278,0.010479315184056759,0
71,282,0.06535424292087555,0
72,286,0.083353690803051,0
73,290,0.030208900570869446,0
74,294,0.005483942572027445,0
75,298,0.08144661784172058,0
76,302,0.6314470767974854,0
77,306,0.005336212459951639,0
78,310,0.10753482580184937,0
79,314,0.0057654911652207375,0
80,318,0.25550034642219543,0
81,322,0.030377034097909927,0
82,326,0.1088576465845108,0
83,330,0.014020001515746117,0
84,334,0.3732949495315552,0
85,338,0.006679530255496502,0
86,342,0.013120749033987522,0
87,346,0.19150424003601074,0
88,350,0.003008986823260784,0
89,354,0.0779564380645752,0
90,358,0.09423989802598953,0
91,362,0.2688366174697876,0
92,366,0.0512189045548439,0
93,370,0.14243020117282867,0
94,374,0.029877450317144394,0
95,378,0.004328445065766573,0
96,382,0.2608676254749298,0
97,386,0.04116951674222946,0
98,390,0.08439739048480988,0
99,394,0.4181661009788513,0
100,398,0.05518230050802231,0
101,402,0.1688496172428131,0
102,406,0.4591526389122009,0
103,410,0.2527811527252197,0
104,414,0.005584969650954008,0
105,418,0.1568557173013687,0
106,422,0.029856164008378983,0
107,426,0.5908334255218506,0
108,430,0.003486281493678689,0
109,434,0.20512354373931885,0
110,438,0.3832136392593384,0
111,442,0.12569287419319153,0
112,446,0.022790811955928802,0
113,450,0.07653792202472687,0
114,454,0.03788646310567856,0
115,458,0.21818684041500092,0
116,462,0.12734952569007874,0
117,466,0.026412783190608025,0
118,470,0.4756878614425659,0
119,474,0.46931353211402893,0
120,478,0.023464012891054153,0
121,482,0.0035683289170265198,0
122,486,0.24698622524738312,0
123,490,0.027782466262578964,0
124,494,0.005579718388617039,0
125,498,0.0066960882395505905,0
126,502,0.21213150024414062,0
127,506,0.19010110199451447,0
128,510,0.3571035861968994,0
129,514,0.4301840662956238,0
130,518,0.05461934581398964,0
131,522,0.19572201371192932,0
132,526,0.011101261712610722,0
133,530,0.11018912494182587,0
134,534,0.01875666156411171,0
135,538,0.036023616790771484,0
136,542,0.016404062509536743,0
137,546,0.10891365259885788,0
138,550,0.16980060935020447,0
139,554,0.46021294593811035,0
140,558,0.2007291615009308,0
141,562,0.09195217490196228,0
142,566,0.08448129147291183,0
143,570,0.6034345030784607,0
144,574,0.31765493750572205,0
145,578,0.8031390309333801,0
146,582,0.12908995151519775,0
147,586,0.09736832976341248,0
148,590,0.2772502601146698,0
149,594,0.01471942663192749,0
150,598,0.005325845442712307,0
151,602,0.049060702323913574,0
152,606,0.32056695222854614,0
153,610,0.14101338386535645,0
154,614,0.31615132093429565,0
155,618,0.8382201194763184,0
156,622,0.43496406078338623,0
157,626,0.3347816467285156,0
158,630,0.26588472723960876,0
159,634,0.060829371213912964,0
160,638,0.04413135349750519,0
161,642,0.08179973065853119,0
162,646,0.2493678778409958,0
163,650,0.43894529342651367,0
164,654,0.05914568156003952,0
165,658,0.041892435401678085,0
166,662,0.3327808976173401,0
167,666,0.41077345609664917,0
168,670,0.0730464905500412,0
169,674,0.04012836515903473,0
170,678,0.11184825003147125,0
171,682,0.20688849687576294,0
172,686,0.003593824803829193,0
173,690,0.015572484582662582,0
174,694,0.09226321429014206,0
175,698,0.05411916598677635,0
176,702,0.008290020748972893,0
177,706,0.008263666182756424,0
178,710,0.1518591046333313,0
179,714,0.018557703122496605,0
180,718,0.06982836872339249,0
181,722,0.06542157381772995,0
182,726,0.4980417490005493,0
183,730,0.05791917443275452,0
184,734,0.0661439597606659,0
185,738,0.003460885724052787,0
186,742,0.07823163270950317,0
187,746,0.027849161997437477,0
188,750,0.5538700819015503,0
189,754,0.0688684806227684,0
190,758,0.026736903935670853,0
191,762,0.23288902640342712,0
192,766,0.0042598657310009,0
193,770,0.015644395723938942,0
194,774,0.21167390048503876,0
195,778,0.026387253776192665,0
196,782,0.02433033101260662,0
197,786,0.4965681731700897,0
198,790,0.1469164937734604,0
199,794,0.17077958583831787,0
200,798,0.031105535104870796,0
201,802,0.19435487687587738,0
202,806,0.329757958650589,0
203,810,0.03325563669204712,0
204,814,0.0026346477679908276,0
205,818,0.0818147212266922,0
206,822,0.13690979778766632,0
207,826,0.02820514142513275,0
208,830,0.00871612410992384,0
209,834,0.0533343181014061,0
210,838,0.05017668753862381,0
211,842,0.08046355843544006,0
212,846,0.009736279956996441,0
213,850,0.14642970263957977,0
214,854,0.015746871009469032,0
215,858,0.07911430299282074,0
216,862,0.005587943363934755,0
217,866,0.010336868464946747,0
218,870,0.04359958693385124,0
219,874,0.032223425805568695,0
220,878,0.3189176023006439,0
221,882,0.013510264456272125,0
222,886,0.020189128816127777,0
223,890,0.9493440389633179,0
224,894,0.03168870508670807,0
225,898,0.020064830780029297,0
226,902,0.006498523056507111,0
227,906,0.07997814565896988,0
228,910,0.004209726117551327,0
229,914,0.08971375972032547,0
230,918,0.40188291668891907,0
231,922,0.45997458696365356,0
232,926,0.2890138328075409,0
233,930,0.002963437233120203,0
234,934,0.012743748724460602,0
235,938,0.5135548114776611,0
236,942,0.013663279823958874,0
237,946,0.26048582792282104,0
238,950,0.056110769510269165,0
239,954,0.02025272324681282,0
240,958,0.3017055094242096,0
241,962,0.37346151471138,0
242,966,0.006352296564728022,0
243,970,0.18299365043640137,0
244,974,0.28062987327575684,0
245,978,0.1106492280960083,0
246,982,0.016839880496263504,0
247,986,0.4018002152442932,0
248,990,0.4813212752342224,0
249,994,0.15368783473968506,0
250,998,0.10164721310138702,0
251,1002,0.01265318039804697,0
252,1006,0.01388438232243061,0
253,1010,0.21767361462116241,0
254,1014,0.07842862606048584,0
255,1018,0.02720959112048149,0
256,1022,0.25987499952316284,0
257,1026,0.23315133154392242,0
258,1030,0.05429713428020477,0
259,1034,0.48839232325553894,0
260,1038,0.026638126000761986,0
261,1042,0.003564303508028388,0
262,1046,0.13407953083515167,0
263,1050,0.03935074806213379,0
264,1054,0.052414216101169586,0
265,1058,0.068029023706913,0
266,1062,0.07810953259468079,0
267,1066,0.12455528974533081,0
268,1070,0.6447667479515076,0
269,1074,0.013701079413294792,0
270,1078,0.012316282838582993,0
271,1082,0.053418148308992386,0
272,1086,0.2556639015674591,0
273,1090,0.07234799116849899,0
274,1094,0.03259944170713425,0
275,1098,0.008044781163334846,0
276,1102,0.01472422108054161,0
277,1106,0.20815442502498627,0
278,1110,0.019539982080459595,0
279,1114,0.04249785467982292,0
280,1118,0.2296634018421173,0
281,1122,0.0031510479748249054,0
282,1126,0.21009060740470886,0
283,1130,0.13394972681999207,0
284,1134,0.08767782151699066,0
285,1138,0.14020958542823792,0
286,1142,0.005073655862361193,0
287,1146,0.7406266331672668,0
288,1150,0.17852580547332764,0
289,1154,0.0641331896185875,0
290,1158,0.1514819860458374,0
291,1162,0.6130375862121582,0
292,1166,0.004692389629781246,0
293,1170,0.28105658292770386,0
294,1174,0.4658242166042328,0
295,1178,0.008082086220383644,0
296,1182,0.32366445660591125,0
297,1186,0.07699531316757202,0
298,1190,0.02782529965043068,0
299,1194,0.05084795504808426,0
300,1198,0.21439161896705627,0
301,1202,0.1703791618347168,0
302,1206,0.3621768057346344,0
303,1210,0.7386581301689148,0
304,1214,0.14929507672786713,0
305,1218,0.3598244786262512,0
306,1222,0.007340788841247559,0
307,1226,0.043423131108284,0
308,1230,0.012102123349905014,0
309,1234,0.17710424959659576,0
310,1238,0.21880505979061127,0
311,1242,0.20961686968803406,0
312,1246,0.45670241117477417,0
313,1250,0.0729418694972992,0
314,1254,0.03763165697455406,0
315,1258,0.01997140422463417,0
316,1262,0.059089161455631256,0
317,1266,0.29207921028137207,0
318,1270,0.11370621621608734,0
319,1274,0.03033524751663208,0
320,1278,0.20836931467056274,0
321,1282,0.09898552298545837,0
322,1286,0.10535013675689697,0
323,1290,0.13647843897342682,0
324,1294,0.004495885688811541,0
325,1298,0.03853537142276764,0
326,1302,0.08752895146608353,0
327,1306,0.4952988624572754,0
328,1310,0.01905585080385208,0
329,1314,0.005487574730068445,0
330,1318,0.23056340217590332,0
331,1322,0.0677499920129776,0
332,1326,0.5904133319854736,0
333,1330,0.1893698126077652,0
334,1334,0.08469582349061966,0
335,1338,0.5326436758041382,0
336,1342,0.0038226693868637085,0
337,1346,0.13356834650039673,0
338,1350,0.09476349502801895,0
339,1354,0.0050858668982982635,0
340,1358,0.1793355494737625,0
341,1362,0.27627885341644287,0
342,1366,0.020646341145038605,0
343,1370,0.007402000017464161,0
344,1374,0.03089308738708496,0
345,1378,0.20841068029403687,0
346,1382,0.10575932264328003,0
347,1386,0.03398514539003372,0
348,1390,0.4073890447616577,0
349,1394,0.025168977677822113,0
350,1398,0.1236778125166893,0
351,1402,0.03533530607819557,0
352,1406,0.007958192378282547,0
353,1410,0.6677684783935547,0
354,1414,0.0189267098903656,0
355,1418,0.14894157648086548,0
356,1422,0.04542228579521179,0
357,1426,0.08350087702274323,0
358,1430,0.9432686567306519,0
359,1434,0.36899203062057495,0
360,1438,0.0035811979323625565,0
361,1442,0.06776842474937439,0
362,1446,0.05576174706220627,0
363,1450,0.06913185864686966,0
364,1454,0.3338780999183655,0
365,1458,0.012021394446492195,0
366,1462,0.5512675642967224,0
367,1466,0.004682937171310186,0
368,1470,0.15760266780853271,0
369,1474,0.008773339912295341,0
370,1478,0.007343708537518978,0
371,1482,0.4640216827392578,0
372,1486,0.014772770926356316,0
373,1490,0.09635777771472931,0
374,1494,0.09294618666172028,0
375,1498,0.039937011897563934,0
376,1502,0.009664898738265038,0
377,1506,0.033883966505527496,0
378,1510,0.18616974353790283,0
379,1514,0.0057837385684251785,0
380,1518,0.007254539057612419,0
381,1522,0.056714992970228195,0
382,1526,0.043221063911914825,0
383,1530,0.008959384635090828,0
384,1534,0.31778210401535034,0
385,1538,0.3363156318664551,0
386,1542,0.05070488527417183,0
387,1546,0.4750450551509857,0
388,1550,0.851825475692749,0
389,1554,0.017014216631650925,0
390,1558,0.28491920232772827,0
391,1562,0.022111034020781517,0
392,1566,0.40519624948501587,0
393,1570,0.5387951135635376,0
394,1574,0.010244306176900864,0
395,1578,0.15362951159477234,0
396,1582,0.04298225790262222,0
397,1586,0.25712326169013977,0
398,1590,0.11876572668552399,0
399,1594,0.17641234397888184,0
400,1598,0.2998497784137726,0
401,1602,0.0776897519826889,0
402,1606,0.4310762286186218,0
403,1610,0.29768162965774536,0
404,1614,0.006965162232518196,0
405,1618,0.03793490678071976,0
406,1622,0.0654473677277565,0
407,1626,0.06569278240203857,0
408,1630,0.28287771344184875,0
409,1634,0.2116565704345703,0
410,1638,0.020622318610548973,0
411,1642,0.4330892264842987,0
412,1646,0.0037069260142743587,0
413,1650,0.006081361323595047,0
414,1654,0.1058502048254013,0
415,1658,0.005716098006814718,0
416,1662,0.010271599516272545,0
417,1666,0.033698588609695435,0
418,1670,0.24225817620754242,0
419,1674,0.12014643847942352,0
420,1678,0.0065422942861914635,0
421,1682,0.15897974371910095,0
422,1686,0.19229863584041595,0
423,1690,0.30456647276878357,0
424,1694,0.1438094675540924,0
425,1698,0.9130934476852417,0
426,1702,0.12233796715736389,0
427,1706,0.02081439644098282,0
428,1710,0.40997931361198425,0
429,1714,0.35401058197021484,0
430,1718,0.04095011577010155,0
431,1722,0.020535718649625778,0
432,1726,0.6146044135093689,0
433,1730,0.024700433015823364,0
434,1734,0.0030346736311912537,0
435,1738,0.11989307403564453,0
436,1742,0.029071372002363205,0
437,1746,0.057791583240032196,0
438,1750,0.08846072852611542,0
439,1754,0.019756603986024857,0
440,1758,0.09981875866651535,0
441,1762,0.21551518142223358,0
442,1766,0.005535597912967205,0
443,1770,0.04771525412797928,0
444,1774,0.020408887416124344,0
445,1778,0.16632777452468872,0
446,1782,0.2156740128993988,0
447,1786,0.11441921442747116,0
448,1790,0.00979277677834034,0
449,1794,0.02316611260175705,0
450,1798,0.2226765900850296,0
451,1802,0.059979721903800964,0
452,1806,0.0043287621811032295,0
453,1810,0.20561820268630981,0
454,1814,0.012234330177307129,0
455,1818,0.002539535751566291,0
456,1822,0.2960912883281708,0
457,1826,0.33163323998451233,0
458,1830,0.3285287022590637,0
459,1834,0.008295705541968346,0
460,1838,0.08884960412979126,0
461,1842,0.04307899251580238,0
462,1846,0.007758410647511482,0
463,1850,0.2675541639328003,0
464,1854,0.32363730669021606,0
465,1858,0.009398996829986572,0
466,1862,0.005912656430155039,0
467,1866,0.014385346323251724,0
468,1870,0.06249265745282173,0
469,1874,0.7164664268493652,0
470,1878,0.13643398880958557,0
471,1882,0.06217506527900696,0
472,1886,0.2682015597820282,0
473,1890,0.006836130283772945,0
474,1894,0.03002844750881195,0
475,1898,0.12318915128707886,0
476,1902,0.0029638675041496754,0
477,1906,0.02481914311647415,0
478,1910,0.005132283549755812,0
479,1914,0.003942201845347881,0
480,1918,0.17170336842536926,0
481,1922,0.13497161865234375,0
482,1926,0.24013584852218628,0
483,1930,0.05293581634759903,0
484,1934,0.06311008334159851,0
485,1938,0.017179427668452263,0
486,1942,0.12012524157762527,0
487,1946,0.03794746845960617,0
488,1950,0.17223423719406128,0
489,1954,0.07648599147796631,0
490,1958,0.1448422521352768,0
491,1962,0.08070185035467148,0
492,1966,0.015555152669548988,0
493,1970,0.05165283754467964,0
494,1974,0.04538606107234955,0
495,1978,0.005509667098522186,0
496,1982,0.04221097752451897,0
497,1986,0.2884238362312317,0
498,1990,0.02463933825492859,0
499,1994,0.15625154972076416,0
500,1998,0.3213595151901245,0
501,2002,0.1235823780298233,0
502,2006,0.26164570450782776,0
503,2010,0.01075814850628376,0
504,2014,0.06173430010676384,0
505,2018,0.019053097814321518,0
506,2022,0.08358017355203629,0
507,2026,0.09766380488872528,0
508,2030,0.03857531398534775,0
509,2034,0.3505344092845917,0
510,2038,0.3972531259059906,0
511,2042,0.002926683984696865,0
512,2046,0.10174944251775742,0
513,2050,0.41030922532081604,0
514,2054,0.09760556370019913,0
515,2058,0.08650016039609909,0
516,2062,0.11609330773353577,0
517,2066,0.050409816205501556,0
518,2070,0.5312702059745789,0
519,2074,0.0034686990547925234,0
520,2078,0.14864633977413177,0
521,2082,0.06304402649402618,0
522,2086,0.21531668305397034,0
523,2090,0.6217045783996582,0
524,2094,0.6718882918357849,0
525,2098,0.04037266597151756,0
526,2102,0.21007387340068817,0
527,2106,0.14747102558612823,0
528,2110,0.2956756353378296,0
529,2114,0.26245301961898804,0
530,2118,0.2562984824180603,0
531,2122,0.024651993066072464,0
532,2126,0.2777335047721863,0
533,2130,0.043847743421792984,0
534,2134,0.023282352834939957,0
535,2138,0.5004348754882812,0
536,2142,0.1553167700767517,0
537,2146,0.003907795064151287,0
538,2150,0.26272308826446533,0
539,2154,0.07424959540367126,0
540,2158,0.027785904705524445,0
541,2162,0.2683827877044678,0
542,2166,0.08463690429925919,0
543,2170,0.010934796184301376,0
544,2174,0.14835870265960693,0
545,2178,0.6217169761657715,0
546,2182,0.05610084906220436,0
547,2186,0.015780430287122726,0
548,2190,0.02930980548262596,0
549,2194,0.1398099958896637,0
550,2198,0.12179572880268097,0
551,2202,0.5194132924079895,0
552,2206,0.09437476843595505,0
553,2210,0.408713698387146,0
554,2214,0.11622607707977295,0
555,2218,0.005401430651545525,0
556,2222,0.48365941643714905,0
557,2226,0.036388106644153595,0
558,2230,0.41942083835601807,0
559,2234,0.028438489884138107,0
560,2238,0.10473645478487015,0
561,2242,0.025249527767300606,0
562,2246,0.036446016281843185,0
563,2250,0.08944942057132721,0
564,2254,0.05990266799926758,0
565,2258,0.032749779522418976,0
566,2262,0.006532563827931881,0
567,2266,0.019610967487096786,0
568,2270,0.06952542811632156,0
569,2274,0.06071813032031059,0
570,2278,0.005666190292686224,0
571,2282,0.3185191750526428,0
572,2286,0.028777673840522766,0
573,2290,0.005126996897161007,0
574,2294,0.28007572889328003,0
575,2298,0.006345255300402641,0
576,2302,0.008269259706139565,0
577,2306,0.1426733434200287,0
578,2310,0.0743635892868042,0
579,2314,0.42068421840667725,0
580,2318,0.19051355123519897,0
581,2322,0.0980912297964096,0
582,2326,0.23805497586727142,0
583,2330,0.14330646395683289,0
584,2334,0.22071164846420288,0
585,2338,0.12993702292442322,0
586,2342,0.014670165255665779,0
587,2346,0.00738811120390892,0
588,2350,0.023754607886075974,0
589,2354,0.0396273210644722,0
590,2358,0.14859092235565186,0
591,2362,0.20365051925182343,0
592,2366,0.02127162367105484,0
593,2370,0.07782851159572601,0
594,2374,0.0757504254579544,0
595,2378,0.45739299058914185,0
596,2382,0.03214772045612335,0
597,2386,0.08087232708930969,0
598,2390,0.5076200366020203,0
599,2394,0.009783269837498665,0
600,2398,0.015306657180190086,0
601,2402,0.2282782793045044,0
602,2406,0.32842469215393066,0
603,2410,0.1566300094127655,0
604,2414,0.03486740589141846,0
605,2418,0.004704825114458799,0
606,2422,0.421845018863678,0
607,2426,0.02745576575398445,0
608,2430,0.11618402600288391,0
609,2434,0.04150654748082161,0
610,2438,0.05366295948624611,0
611,2442,0.026995576918125153,0
612,2446,0.1198485940694809,0
613,2450,0.2572333514690399,0
614,2454,0.01415335200726986,0
615,2458,0.031049875542521477,0
616,2462,0.06344030052423477,0
617,2466,0.021771226078271866,0
618,2470,0.4958410859107971,0
619,2474,0.005522587802261114,0
620,2478,0.009833592921495438,0
621,2482,0.10864158719778061,0
622,2486,0.040487319231033325,0
623,2490,0.2088606059551239,0
624,2494,0.1469329446554184,0
625,2498,0.5330847501754761,0
626,2502,0.11590451002120972,0
627,2506,0.07551469653844833,0
628,2510,0.04773407429456711,0
629,2514,0.06746597588062286,0
630,2518,0.05345553904771805,0
631,2522,0.036185067147016525,0
632,2526,0.16948404908180237,0
633,2530,0.21516427397727966,0
634,2534,0.38052183389663696,0
635,2538,0.4435603618621826,0
636,2542,0.10082295536994934,0
637,2546,0.04803163558244705,0
638,2550,0.318145751953125,0
639,2554,0.49316370487213135,0
640,2558,0.33857378363609314,0
641,2562,0.10708589851856232,0
642,2566,0.30366185307502747,0
643,2570,0.4882890582084656,0
644,2574,0.3136517405509949,0
645,2578,0.07507865875959396,0
646,2582,0.033692650496959686,0
647,2586,0.2203531712293625,0
648,2590,0.380748987197876,0
649,2594,0.1385912448167801,0
650,2598,0.19190816581249237,0
651,2602,0.18545448780059814,0
652,2606,0.46173202991485596,0
653,2610,0.9501106142997742,0
654,2614,0.357536256313324,0
655,2618,0.14214593172073364,0
656,2622,0.08135391771793365,0
657,2626,0.11078670620918274,0
658,2630,0.02489728294312954,0
659,2634,0.5475711226463318,0
660,2638,0.2342834174633026,0
661,2642,0.08389464020729065,0
662,2646,0.44645389914512634,0
663,2650,0.004303695634007454,0
664,2654,0.11568360030651093,0
665,2658,0.013039067387580872,0
666,2662,0.017336668446660042,0
667,2666,0.1479705274105072,0
668,2670,0.5423742532730103,0
669,2674,0.17526249587535858,0
670,2678,0.021042168140411377,0
671,2682,0.003279282944276929,0
672,2686,0.005320772994309664,0
673,2690,0.6739097237586975,0
674,2694,0.02630067616701126,0
675,2698,0.0478377640247345,0
676,2702,0.011352679692208767,0
677,2706,0.11176959425210953,0
678,2710,0.1424265056848526,0
679,2714,0.011249924078583717,0
680,2718,0.234514981508255,0
681,2722,0.01406893227249384,0
682,2726,0.27035585045814514,0
683,2730,0.12692467868328094,0
684,2734,0.014310020953416824,0
685,2738,0.2584255337715149,0
686,2742,0.010898935608565807,0
687,2746,0.598223865032196,0
688,2750,0.07079407572746277,0
689,2754,0.01589273475110531,0
690,2758,0.36085763573646545,0
691,2762,0.1534760296344757,0
692,2766,0.018691767007112503,0
693,2770,0.12500667572021484,0
694,2774,0.2786264419555664,0
695,2778,0.19528350234031677,0
696,2782,0.23163600265979767,0
697,2786,0.2732316851615906,0
698,2790,0.04937077686190605,0
699,2794,0.06059477478265762,0
700,2798,0.012901194393634796,0
701,2802,0.06903703510761261,0
702,2806,0.11926247179508209,0
703,2810,0.012830058112740517,0
704,2814,0.004989787470549345,0
705,2818,0.38591498136520386,0
706,2822,0.068946972489357,0
707,2826,0.15886422991752625,0
708,2830,0.39720451831817627,0
709,2834,0.1601456105709076,0
710,2838,0.007651063147932291,0
711,2842,0.46958911418914795,0
712,2846,0.13603180646896362,0
713,2850,0.6077353954315186,0
714,2854,0.10770352929830551,0
715,2858,0.11651016771793365,0
716,2862,0.0028135499451309443,0
717,2866,0.008300317451357841,0
718,2870,0.3506629467010498,0
719,2874,0.2338533252477646,0
720,2878,0.08893273770809174,0
721,2882,0.03698012977838516,0
722,2886,0.048878446221351624,0
723,2890,0.14752718806266785,0
724,2894,0.2852655053138733,0
725,2898,0.024705834686756134,0
726,2902,0.7072167992591858,0
727,2906,0.17770026624202728,0
728,2910,0.07246331870555878,0
729,2914,0.11083311587572098,0
730,2918,0.011100241914391518,0
731,2922,0.01046806387603283,0
732,2926,0.20920413732528687,0
733,2930,0.29036569595336914,0
734,2934,0.02093246392905712,0
735,2938,0.19393879175186157,0
736,2942,0.0363520123064518,0
737,2946,0.18226315081119537,0
738,2950,0.06390399485826492,0
739,2954,0.0613785982131958,0
740,2958,0.004791686777025461,0
741,2962,0.011379797011613846,0
742,2966,0.3206515610218048,0
743,2970,0.017491783946752548,0
744,2974,0.26488563418388367,0
745,2978,0.0703268051147461,0
746,2982,0.039175331592559814,0
747,2986,0.2982175946235657,0
748,2990,0.38901376724243164,0
749,2994,0.07870911806821823,0
750,2998,0.7625027894973755,0
751,3002,0.08180254697799683,0
752,3006,0.03218969702720642,0
753,3010,0.08523805439472198,0
754,3014,0.6229960918426514,0
755,3018,0.01630317233502865,0
756,3022,0.10453149676322937,0
757,3026,0.21427226066589355,0
758,3030,0.3859151005744934,0
759,3034,0.19581648707389832,0
760,3038,0.061446480453014374,0
761,3042,0.3069353401660919,0
762,3046,0.15204885601997375,0
763,3050,0.9670157432556152,0
764,3054,0.03825486823916435,0
765,3058,0.02310025319457054,0
766,3062,0.3338884115219116,0
767,3066,0.005170698277652264,0
768,3070,0.22309821844100952,0
769,3074,0.00466860830783844,0
770,3078,0.04181364178657532,0
771,3082,0.01743898168206215,0
772,3086,0.03780323266983032,0
773,3090,0.005881206132471561,0
774,3094,0.13924412429332733,0
775,3098,0.028574999421834946,0
776,3102,0.5299035310745239,0
777,3106,0.0895763710141182,0
778,3110,0.07683740556240082,0
779,3114,0.1755121946334839,0
780,3118,0.3102811276912689,0
781,3122,0.1781519502401352,0
782,3126,0.007810412906110287,0
783,3130,0.19719885289669037,0
784,3134,0.005009765736758709,0
785,3138,0.04189694672822952,0
786,3142,0.10269923508167267,0
787,3146,0.045934297144412994,0
788,3150,0.02850242331624031,0
789,3154,0.12387004494667053,0
790,3158,0.005572781898081303,0
791,3162,0.06891877949237823,0
792,3166,0.2688864469528198,0
793,3170,0.13654309511184692,0
794,3174,0.03691468760371208,0
795,3178,0.12625658512115479,0
796,3182,0.4225488603115082,0
797,3186,0.3448712229728699,0
798,3190,0.03990825265645981,0
799,3194,0.008457407355308533,0
800,3198,0.7620546817779541,0
801,3202,0.38714808225631714,0
802,3206,0.6170057654380798,0
803,3210,0.020053241401910782,0
804,3214,0.1267019510269165,0
805,3218,0.4127676486968994,0
806,3222,0.10094115138053894,0
807,3226,0.29431647062301636,0
808,3230,0.08364355564117432,0
809,3234,0.006527434568852186,0
810,3238,0.005395024083554745,0
811,3242,0.07927042245864868,0
812,3246,0.0041520921513438225,0
813,3250,0.12620878219604492,0
814,3254,0.4346023201942444,0
815,3258,0.014043543487787247,0
816,3262,0.029062537476420403,0
817,3266,0.1129411906003952,0
818,3270,0.014955691061913967,0
819,3274,0.10294625163078308,0
820,3278,0.18841040134429932,0
821,3282,0.003004819620400667,0
822,3286,0.1966143548488617,0
823,3290,0.004302849527448416,0
824,3294,0.3192574977874756,0
825,3298,0.007759754545986652,0
826,3302,0.36937034130096436,0
827,3306,0.12434229254722595,0
828,3310,0.19580954313278198,0
829,3314,0.10303875803947449,0
830,3318,0.013438858091831207,0
831,3322,0.1873164176940918,0
832,3326,0.08966480940580368,0
833,3330,0.5863320231437683,0
834,3334,0.0028574797324836254,0
835,3338,0.0465882308781147,0
836,3342,0.07083620131015778,0
837,3346,0.05606718361377716,0
838,3350,0.3146591782569885,0
839,3354,0.2585600018501282,0
840,3358,0.4052075147628784,0
841,3362,0.45320987701416016,0
842,3366,0.02491399273276329,0
843,3370,0.24404458701610565,0
844,3374,0.3648357093334198,0
845,3378,0.1867257058620453,0
846,3382,0.41342151165008545,0
847,3386,0.22042495012283325,0
848,3390,0.30951133370399475,0
849,3394,0.23375791311264038,0
850,3398,0.034807171672582626,0
851,3402,0.004672135692089796,0
852,3406,0.004372691735625267,0
853,3410,0.10710197687149048,0
854,3414,0.14778132736682892,0
855,3418,0.10390082001686096,0
856,3422,0.1948450803756714,0
857,3426,0.034696999937295914,0
858,3430,0.22981402277946472,0
859,3434,0.03278493136167526,0
860,3438,0.06935103237628937,0
861,3442,0.13557204604148865,0
862,3446,0.020205359905958176,0
863,3450,0.09120222181081772,0
864,3454,0.19014927744865417,0
865,3458,0.2679586410522461,0
866,3462,0.004664203152060509,0
867,3466,0.017858244478702545,0
868,3470,0.05643980950117111,0
869,3474,0.5453667640686035,0
870,3478,0.7208796143531799,0
871,3482,0.007628887891769409,0
872,3486,0.0035498905926942825,0
873,3490,0.6791649460792542,0
874,3494,0.013197854161262512,0
875,3498,0.5126889944076538,0
876,3502,0.2204945683479309,0
877,3506,0.006828429643064737,0
878,3510,0.005968950223177671,0
879,3514,0.09380088001489639,0
880,3518,0.2781769037246704,0
881,3522,0.1277059018611908,0
882,3526,0.18465304374694824,0
883,3530,0.44763731956481934,0
884,3534,0.11039895564317703,0
885,3538,0.1362617313861847,0
886,3542,0.233728289604187,0
887,3546,0.25912022590637207,0
888,3550,0.004879895597696304,0
889,3554,0.060042306780815125,0
890,3558,0.05856962874531746,0
891,3562,0.2900940775871277,0
892,3566,0.04710523784160614,0
893,3570,0.6163796186447144,0
894,3574,0.25307416915893555,0
895,3578,0.6038275361061096,0
896,3582,0.41893714666366577,0
897,3586,0.15775108337402344,0
898,3590,0.1744336187839508,0
899,3594,0.006839281879365444,0
900,3598,0.024558426812291145,0
901,3602,0.0071428436785936356,0
902,3606,0.10290051996707916,0
903,3610,0.01275502610951662,0
904,3614,0.1000533252954483,0
905,3618,0.33474087715148926,0
906,3622,0.031011566519737244,0
907,3626,0.016910068690776825,0
908,3630,0.006175330840051174,0
909,3634,0.5755632519721985,0
910,3638,0.1271226406097412,0
911,3642,0.11618290841579437,0
912,3646,0.02540222369134426,0
913,3650,0.04476286098361015,0
914,3654,0.13547547161579132,0
915,3658,0.09048095345497131,0
916,3662,0.009658709168434143,0
917,3666,0.016385741531848907,0
918,3670,0.045768603682518005,0
919,3674,0.030109858140349388,0
920,3678,0.018221890553832054,0
921,3682,0.5731277465820312,0
922,3686,0.037197865545749664,0
923,3690,0.09329885244369507,0
924,3694,0.010354015976190567,0
925,3698,0.10571605712175369,0
926,3702,0.1444208323955536,0
927,3706,0.46243199706077576,0
928,3710,0.10624145716428757,0
929,3714,0.16875621676445007,0
930,3718,0.005285011604428291,0
931,3722,0.1698351502418518,0
932,3726,0.006194024346768856,0
933,3730,0.41986536979675293,0
934,3734,0.4813206195831299,0
935,3738,0.09749899804592133,0
936,3742,0.020758137106895447,0
937,3746,0.2023226022720337,0
938,3750,0.009485134854912758,0
939,3754,0.09564220905303955,0
940,3758,0.05634075403213501,0
941,3762,0.054050810635089874,0
942,3766,0.005281995516270399,0
943,3770,0.06284866482019424,0
944,3774,0.0033055401872843504,0
945,3778,0.009784005582332611,0
946,3782,0.008709427900612354,0
947,3786,0.05582914128899574,0
948,3790,0.09316547214984894,0
949,3794,0.050069693475961685,0
950,3798,0.003743028501048684,0
951,3802,0.045519791543483734,0
952,3806,0.6859931349754333,0
953,3810,0.15598072111606598,0
954,3814,0.396918386220932,0
955,3818,0.11639252305030823,0
956,3822,0.17969997227191925,0
957,3826,0.0040123797953128815,0
958,3830,0.08620532602071762,0
959,3834,0.15176436305046082,0
960,3838,0.04768265783786774,0
961,3842,0.11886590719223022,0
962,3846,0.006239891517907381,0
963,3850,0.22250130772590637,0
964,3854,0.10613161325454712,0
965,3858,0.07239098101854324,0
966,3862,0.011877221055328846,0
967,3866,0.16164934635162354,0
968,3870,0.08869671076536179,0
969,3874,0.11277617514133453,0
970,3878,0.09604740887880325,0
971,3882,0.1985040307044983,0
972,3886,0.04679000750184059,0
973,3890,0.12745162844657898,0
974,3894,0.4639551043510437,0
975,3898,0.8756099939346313,0
976,3902,0.002683578757569194,0
977,3906,0.21488863229751587,0
978,3910,0.026921510696411133,0
979,3914,0.30998530983924866,0
980,3918,0.4586132764816284,0
981,3922,0.586748480796814,0
982,3926,0.5780898332595825,0
983,3930,0.0566849447786808,0
984,3934,0.4026314616203308,0
985,3938,0.19881631433963776,0
986,3942,0.04944390803575516,0
987,3946,0.47328007221221924,0
988,3950,0.5621692538261414,0
989,3954,0.31047770380973816,0
990,3958,0.2841493785381317,0
991,3962,0.3579633831977844,0
992,3966,0.2393140196800232,0
993,3970,0.008881933055818081,0
994,3974,0.4064447283744812,0
995,3978,0.15657678246498108,0
996,3982,0.2798703610897064,0
997,3986,0.17925667762756348,0
998,3990,0.005075162276625633,0
999,3994,0.005789953283965588,0
1000,3998,0.6528176665306091,0
1001,4002,0.0051785618998110294,0
1002,4006,0.018326861783862114,0
1003,4010,0.03812821954488754,0
1004,4014,0.03905617445707321,0
1005,4018,0.017392244189977646,0
1006,4022,0.06597244739532471,0
1007,4026,0.5844143629074097,0
1008,4030,0.038886938244104385,0
1009,4034,0.22930556535720825,0
1010,4038,0.35140717029571533,0
1011,4042,0.008589401841163635,0
1012,4046,0.18636554479599,0
1013,4050,0.013309478759765625,0
1014,4054,0.009389804676175117,0
1015,4058,0.06373993307352066,0
1016,4062,0.040860652923583984,0
1017,4066,0.0076804934069514275,0
1018,4070,0.012432079762220383,0
1019,4074,0.13366106152534485,0
1020,4078,0.06971319019794464,0
1021,4082,0.23232759535312653,0
1022,4086,0.16216352581977844,0
1023,4090,0.1361675262451172,0
1024,4094,0.030553162097930908,0
1025,4098,0.002608037553727627,0
1026,4102,0.010377241298556328,0
1027,4106,0.3452231287956238,0
1028,4110,0.0032835183665156364,0
1029,4114,0.39441972970962524,0
1030,4118,0.00931241549551487,0
1031,4122,0.039285071194171906,0
1032,4126,0.15470576286315918,0
1033,4130,0.1127822995185852,0
1034,4134,0.22180038690567017,0
1035,4138,0.17107681930065155,0
1036,4142,0.08619306236505508,0
1037,4146,0.4273664355278015,0
1038,4150,0.1398749053478241,0
1039,4154,0.010097155347466469,0
1040,4158,0.00583905354142189,0
1041,4162,0.03986509144306183,0
1042,4166,0.24791686236858368,0
1043,4170,0.0703265592455864,0
1044,4174,0.06125982105731964,0
1045,4178,0.05598721653223038,0
1046,4182,0.013574110344052315,0
1047,4186,0.016528185456991196,0
1048,4190,0.024702996015548706,0
1049,4194,0.7093634605407715,0
1050,4198,0.14501097798347473,0
1051,4202,0.002600859384983778,0
1052,4206,0.004166678059846163,0
1053,4210,0.0365593358874321,0
1054,4214,0.05405931919813156,0
1055,4218,0.2019771784543991,0
1056,4222,0.11561939120292664,0
1057,4226,0.21733573079109192,0
1058,4230,0.0827423557639122,0
1059,4234,0.3489534854888916,0
1060,4238,0.08059170097112656,0
1061,4242,0.002428217325359583,0
1062,4246,0.023078320547938347,0
1063,4250,0.0037791538052260876,0
1064,4254,0.06983442604541779,0
1065,4258,0.3015366792678833,0
1066,4262,0.0433892086148262,0
1067,4266,0.0043491641990840435,0
1068,4270,0.039197877049446106,0
1069,4274,0.20834285020828247,0
1070,4278,0.09880876541137695,0
1071,4282,0.06684299558401108,0
1072,4286,0.002973372582346201,0
1073,4290,0.005199036095291376,0
1074,4294,0.01118775550276041,0
1075,4298,0.08212354779243469,0
1076,4302,0.030390599742531776,0
1077,4306,0.013193432241678238,0
1078,4310,0.3700598478317261,0
1079,4314,0.009949930012226105,0
1080,4318,0.12946660816669464,0
1081,4322,0.004214447923004627,0
1082,4326,0.01527487114071846,0
1083,4330,0.017331676557660103,0
1084,4334,0.39481762051582336,0
1085,4338,0.613944411277771,0
1086,4342,0.01330067403614521,0
1087,4346,0.008559392765164375,0
1088,4350,0.13749581575393677,0
1089,4354,0.23998239636421204,0
1090,4358,0.028462421149015427,0
1091,4362,0.2136138379573822,0
1092,4366,0.18788182735443115,0
1093,4370,0.03333842754364014,0
1094,4374,0.47180241346359253,0
1095,4378,0.007658527232706547,0
1096,4382,0.012143529951572418,0
1097,4386,0.19220830500125885,0
1098,4390,0.46902671456336975,0
1099,4394,0.026498062536120415,0
1100,4398,0.36861059069633484,0
1101,4402,0.04716568440198898,0
1102,4406,0.21897456049919128,0
1103,4410,0.14091064035892487,0
1104,4414,0.06434420496225357,0
1105,4418,0.00540548050776124,0
1106,4422,0.03794465959072113,0
1107,4426,0.005829121917486191,0
1108,4430,0.012696336023509502,0
1109,4434,0.9321202039718628,0
1110,4438,0.05913953483104706,0
1111,4442,0.03274238482117653,0
1112,4446,0.062764972448349,0
1113,4450,0.7710742950439453,0
1114,4454,0.30130717158317566,0
1115,4458,0.016820451244711876,0
1116,4462,0.007648995146155357,0
1117,4466,0.015871798619627953,0
1118,4470,0.026393208652734756,0
1119,4474,0.01289023645222187,0
1120,4478,0.0435895174741745,0
1121,4482,0.1145625039935112,0
1122,4486,0.2720591723918915,0
1123,4490,0.023748047649860382,0
1124,4494,0.006509934552013874,0
1125,4498,0.16195373237133026,0
1126,4502,0.006952572613954544,0
1127,4506,0.030460981652140617,0
1128,4510,0.0911516398191452,0
1129,4514,0.06133594736456871,0
1130,4518,0.054503828287124634,0
1131,4522,0.12049232423305511,0
1132,4526,0.33023709058761597,0
1133,4530,0.05081069841980934,0
1134,4534,0.3993304371833801,0
1135,4538,0.058718085289001465,0
1136,4542,0.19865655899047852,0
1137,4546,0.6246911287307739,0
1138,4550,0.4369562864303589,0
1139,4554,0.005521344020962715,0
1140,4558,0.11427399516105652,0
1141,4562,0.07528581470251083,0
1142,4566,0.11237479746341705,0
1143,4570,0.5695918798446655,0
1144,4574,0.06916007399559021,0
1145,4578,0.10880868136882782,0
1146,4582,0.024391857907176018,0
1147,4586,0.11326687783002853,0
1148,4590,0.04313413053750992,0
1149,4594,0.023121759295463562,0
1150,4598,0.06557078659534454,0
1151,4602,0.010933572426438332,0
1152,4606,0.011991726234555244,0
1153,4610,0.0897936075925827,0
1154,4614,0.005037875380367041,0
1155,4618,0.1280064731836319,0
1156,4622,0.033757224678993225,0
1157,4626,0.7247555255889893,0
1158,4630,0.009483454748988152,0
1159,4634,0.09273676574230194,0
1160,4638,0.03016767092049122,0
1161,4642,0.03638941049575806,0
1162,4646,0.2195362150669098,0
1163,4650,0.20818284153938293,0
1164,4654,0.20340785384178162,0
1165,4658,0.02902093157172203,0
1166,4662,0.025776833295822144,0
1167,4666,0.3889499306678772,0
1168,4670,0.022169694304466248,0
1169,4674,0.09028668701648712,0
1170,4678,0.2539048194885254,0
1171,4682,0.29307281970977783,0
1172,4686,0.2785005569458008,0
1173,4690,0.04038591682910919,0
1174,4694,0.42121422290802,0
1175,4698,0.5122956037521362,0
1176,4702,0.1292039453983307,0
1177,4706,0.09291994571685791,0
1178,4710,0.24469098448753357,0
1179,4714,0.1780850887298584,0
1180,4718,0.4694406986236572,0
1181,4722,0.009260868653655052,0
1182,4726,0.08608871698379517,0
1183,4730,0.4794081449508667,0
1184,4734,0.005175076425075531,0
1185,4738,0.004917549900710583,0
1186,4742,0.0973602682352066,0
1187,4746,0.10515329241752625,0
1188,4750,0.006601046305149794,0
1189,4754,0.013534062542021275,0
1190,4758,0.2772045135498047,0
1191,4762,0.3097105622291565,0
1192,4766,0.36836206912994385,0
1193,4770,0.03559335321187973,0
1194,4774,0.016113145276904106,0
1195,4778,0.23774972558021545,0
1196,4782,0.2666507065296173,0
1197,4786,0.5245179533958435,0
1198,4790,0.22848129272460938,0
1199,4794,0.009893706068396568,0
1200,4798,0.0906108096241951,0
1201,4802,0.0040687937289476395,0
1202,4806,0.24897406995296478,0
1203,4810,0.08811582624912262,0
1204,4814,0.0073341792449355125,0
1205,4818,0.018004659563302994,0
1206,4822,0.08032314479351044,0
1207,4826,0.16567707061767578,0
1208,4830,0.31393903493881226,0
1209,4834,0.09278503805398941,0
1210,4838,0.06455247104167938,0
1211,4842,0.07762346416711807,0
1212,4846,0.05271320417523384,0
1213,4850,0.2074967324733734,0
1214,4854,0.06641750037670135,0
1215,4858,0.5345571041107178,0
1216,4862,0.011812734417617321,0
1217,4866,0.12181127071380615,0
1218,4870,0.05949283763766289,0
1219,4874,0.013481616973876953,0
1220,4878,0.0328834168612957,0
1221,4882,0.29154539108276367,0
1222,4886,0.3182087540626526,0
1223,4890,0.061317458748817444,0
1224,4894,0.17859788239002228,0
1225,4898,0.03356451541185379,0
1226,4902,0.0270045418292284,0
1227,4906,0.10483892261981964,0
1228,4910,0.37082529067993164,0
1229,4914,0.011739389970898628,0
1230,4918,0.022550106048583984,0
1231,4922,0.23665450513362885,0
1232,4926,0.5335851311683655,0
1233,4930,0.041526272892951965,0
1234,4934,0.2523850202560425,0
1235,4938,0.05016019940376282,0
1236,4942,0.005748098716139793,0
1237,4946,0.49876776337623596,0
1238,4950,0.24191558361053467,0
1239,4954,0.03780672326683998,0
1240,4958,0.5974912643432617,0
1241,4962,0.05319059640169144,0
1242,4966,0.03286710008978844,0
1243,4970,0.07355313003063202,0
1244,4974,0.07912365347146988,0
1245,4978,0.22427549958229065,0
1246,4982,0.6275789141654968,0
1247,4986,0.030214793980121613,0
1248,4990,0.013972779735922813,0
1249,4994,0.4530400037765503,0
1250,4998,0.21553263068199158,0
1251,5002,0.11321350932121277,0
1252,5006,0.09828028082847595,0
1253,5010,0.020586732774972916,0
1254,5014,0.2698313295841217,0
1255,5018,0.011780848726630211,0
1256,5022,0.052529752254486084,0
1257,5026,0.17532376945018768,0
1258,5030,0.03579738736152649,0
1259,5034,0.09104520082473755,0
1260,5038,0.019971393048763275,0
1261,5042,0.1003306657075882,0
1262,5046,0.04916106164455414,0
1263,5050,0.1897161900997162,0
1264,5054,0.004427499137818813,0
1265,5058,0.06454357504844666,0
1266,5062,0.2287786304950714,0
1267,5066,0.0839424729347229,0
1268,5070,0.15990345180034637,0
1269,5074,0.15473110973834991,0
1270,5078,0.7061577439308167,0
1271,5082,0.019584693014621735,0
1272,5086,0.17666560411453247,0
1273,5090,0.8831413388252258,0
1274,5094,0.006885193288326263,0
1275,5098,0.05229237675666809,0
1276,5102,0.2701515257358551,0
1277,5106,0.0032917759381234646,0
1278,5110,0.10852613300085068,0
1279,5114,0.13174232840538025,0
1280,5118,0.03856001794338226,0
1281,5122,0.02384558506309986,0
1282,5126,0.2373591512441635,0
1283,5130,0.006553897634148598,0
1284,5134,0.28759127855300903,0
1285,5138,0.01298373844474554,0
1286,5142,0.05343358963727951,0
1287,5146,0.09768868237733841,0
1288,5150,0.11161642521619797,0
1289,5154,0.09044396877288818,0
1290,5158,0.2408161461353302,0
1291,5162,0.7856612205505371,0
1292,5166,0.02151615358889103,0
1293,5170,0.05277177691459656,0
1294,5174,0.2048267424106598,0
1295,5178,0.03935835510492325,0
1296,5182,0.04176294058561325,0
1297,5186,0.29122212529182434,0
1298,5190,0.3659754693508148,0
1299,5194,0.09464666992425919,0
1300,5198,0.015314766205847263,0
1301,5202,0.006996912881731987,0
1302,5206,0.03851212188601494,0
1303,5210,0.04267869144678116,0
1304,5214,0.4717269539833069,0
1305,5218,0.10957948863506317,0
1306,5222,0.00248154578730464,0
1307,5226,0.006147492676973343,0
1308,5230,0.267189085483551,0
1309,5234,0.25392836332321167,0
1310,5238,0.2342643141746521,0
1311,5242,0.02136247605085373,0
1312,5246,0.31670647859573364,0
1313,5250,0.19312575459480286,0
1314,5254,0.1953476369380951,0
1315,5258,0.1577584147453308,0
1316,5262,0.24410602450370789,0
1317,5266,0.020089497789740562,0
1318,5270,0.027775388211011887,0
1319,5274,0.44062256813049316,0
1320,5278,0.006099259480834007,0
1321,5282,0.3984825611114502,0
1322,5286,0.3412700593471527,0
1323,5290,0.04254858195781708,0
1324,5294,0.017533540725708008,0
1325,5298,0.03818180412054062,0
1326,5302,0.36408382654190063,0
1327,5306,0.05230668932199478,0
1328,5310,0.3600925803184509,0
1329,5314,0.28424033522605896,0
1330,5318,0.2682397961616516,0
1331,5322,0.007897085510194302,0
1332,5326,0.2933986783027649,0
1333,5330,0.05489695817232132,0
1334,5334,0.006162009201943874,0
1335,5338,0.04388473927974701,0
1336,5342,0.12018608301877975,0
1337,5346,0.031868621706962585,0
1338,5350,0.05503936484456062,0
1339,5354,0.009549767710268497,0
1340,5358,0.4969214200973511,0
1341,5362,0.056593239307403564,0
1342,5366,0.30733251571655273,0
1343,5370,0.222822904586792,0
1344,5374,0.00956733524799347,0
1345,5378,0.05494612455368042,0
1346,5382,0.2624633312225342,0
1347,5386,0.015038962475955486,0
1348,5390,0.0058273496106266975,0
1349,5394,0.46669507026672363,0
1350,5398,0.4397547245025635,0
1351,5402,0.18827983736991882,0
1352,5406,0.4762975573539734,0
1353,5410,0.3526281416416168,0
1354,5414,0.01874331571161747,0
1355,5418,0.012498293071985245,0
1356,5422,0.028048032894730568,0
1357,5426,0.15380576252937317,0
1358,5430,0.008135741576552391,0
1359,5434,0.26860830187797546,0
1360,5438,0.002438936149701476,0
1361,5442,0.040598802268505096,0
1362,5446,0.483684241771698,0
1363,5450,0.021625863388180733,0
1364,5454,0.012483617290854454,0
1365,5458,0.07952626049518585,0
1366,5462,0.059366196393966675,0
1367,5466,0.007585007231682539,0
1368,5470,0.2336120903491974,0
1369,5474,0.011040894314646721,0
1370,5478,0.011635394766926765,0
1371,5482,0.019624464213848114,0
1372,5486,0.35228192806243896,0
1373,5490,0.1962658017873764,0
1374,5494,0.29197052121162415,0
1375,5498,0.04393219202756882,0
1376,5502,0.15640348196029663,0
1377,5506,0.37785249948501587,0
1378,5510,0.35482990741729736,0
1379,5514,0.0030076554976403713,0
1380,5518,0.10616763681173325,0
1381,5522,0.00548210134729743,0
1382,5526,0.1621943563222885,0
1383,5530,0.0031958846375346184,0
1384,5534,0.03234303742647171,0
1385,5538,0.03193103149533272,0
1386,5542,0.023159345611929893,0
1387,5546,0.2828196585178375,0
1388,5550,0.027968406677246094,0
1389,5554,0.19983576238155365,0
1390,5558,0.5500348806381226,0
1391,5562,0.022955182939767838,0
1392,5566,0.005420657806098461,0
1393,5570,0.023189112544059753,0
1394,5574,0.09359993040561676,0
1395,5578,0.008318178355693817,0
1396,5582,0.004143388010561466,0
1397,5586,0.021182077005505562,0
1398,5590,0.012652099132537842,0
1399,5594,0.8092304468154907,0
1400,5598,0.3324759602546692,0
1401,5602,0.018348248675465584,0
1402,5606,0.020602088421583176,0
1403,5610,0.06319289654493332,0
1404,5614,0.30828365683555603,0
1405,5618,0.038782328367233276,0
1406,5622,0.003121601417660713,0
1407,5626,0.04900657385587692,0
1408,5630,0.6314111351966858,0
1409,5634,0.43966764211654663,0
1410,5638,0.18987968564033508,0
1411,5642,0.22439658641815186,0
1412,5646,0.0028668944723904133,0
1413,5650,0.5574384927749634,0
1414,5654,0.006626758724451065,0
1415,5658,0.03224552422761917,0
1416,5662,0.0647614449262619,0
1417,5666,0.5977291464805603,0
1418,5670,0.4775708317756653,0
1419,5674,0.02690790221095085,0
1420,5678,0.00853225402534008,0
1421,5682,0.038200438022613525,0
1422,5686,0.5521896481513977,0
1423,5690,0.034773193299770355,0
1424,5694,0.01111131627112627,0
1425,5698,0.15650418400764465,0
1426,5702,0.14887213706970215,0
1427,5706,0.009301098063588142,0
1428,5710,0.2279394567012787,0
1429,5714,0.004336298443377018,0
1430,5718,0.034591227769851685,0
1431,5722,0.17564994096755981,0
1432,5726,0.004783168435096741,0
1433,5730,0.049896955490112305,0
1434,5734,0.553165078163147,0
1435,5738,0.15312619507312775,0
1436,5742,0.4843704104423523,0
1437,5746,0.08422417938709259,0
1438,5750,0.03677773103117943,0
1439,5754,0.09252731502056122,0
1440,5758,0.1882765293121338,0
1441,5762,0.27339205145835876,0
1442,5766,0.044633522629737854,0
1443,5770,0.14715269207954407,0
1444,5774,0.024910232052206993,0
1445,5778,0.0685504600405693,0
1446,5782,0.056671999394893646,0
1447,5786,0.011888626962900162,0
1448,5790,0.17628784477710724,0
1449,5794,0.012095935642719269,0
1450,5798,0.23550808429718018,0
1451,5802,0.2915906310081482,0
1452,5806,0.048003386706113815,0
1453,5810,0.003134356113150716,0
1454,5814,0.01356128416955471,0
1455,5818,0.5138905644416809,0
1456,5822,0.00736128818243742,0
1457,5826,0.008841332048177719,0
1458,5830,0.22208790481090546,0
1459,5834,0.12178319692611694,0
1460,5838,0.18233174085617065,0
1461,5842,0.007208927534520626,0
1462,5846,0.004539031535387039,0
1463,5850,0.0027929118368774652,0
1464,5854,0.015399305149912834,0
1465,5858,0.2663070559501648,0
1466,5862,0.04173813387751579,0
1467,5866,0.025066066533327103,0
1468,5870,0.027007736265659332,0
1469,5874,0.15844163298606873,0
1470,5878,0.03970332443714142,0
1471,5882,0.01831379346549511,0
1472,5886,0.30604928731918335,0
1473,5890,0.03774140030145645,0
1474,5894,0.26358214020729065,0
1475,5898,0.16766157746315002,0
1476,5902,0.3522668480873108,0
1477,5906,0.09180629998445511,0
1478,5910,0.018585018813610077,0
1479,5914,0.024533390998840332,0
1480,5918,0.003195995930582285,0
1481,5922,0.04188241809606552,0
1482,5926,0.09807609021663666,0
1483,5930,0.04698203504085541,0
1484,5934,0.07795141637325287,0
1485,5938,0.17030391097068787,0
1486,5942,0.016584888100624084,0
1487,5946,0.04712874814867973,0
1488,5950,0.03567693755030632,0
1489,5954,0.06666207313537598,0
1490,5958,0.2861388921737671,0
1491,5962,0.08260346204042435,0
1492,5966,0.016556086018681526,0
1493,5970,0.6353099942207336,0
1494,5974,0.016101311892271042,0
1495,5978,0.16954174637794495,0
1496,5982,0.09737438708543777,0
1497,5986,0.13362722098827362,0
1498,5990,0.007303010672330856,0
1499,5994,0.33843550086021423,0
1500,5998,0.028316816315054893,0
1501,6002,0.002525185700505972,0
1502,6006,0.21288339793682098,0
1503,6010,0.0029164128936827183,0
1504,6014,0.06190740317106247,0
1505,6018,0.010789724066853523,0
1506,6022,0.08873727172613144,0
1507,6026,0.0506109856069088,0
1508,6030,0.07309722900390625,0
1509,6034,0.12413942813873291,0
1510,6038,0.003517668228596449,0
1511,6042,0.09015728533267975,0
1512,6046,0.03757098689675331,0
1513,6050,0.013320892117917538,0
1514,6054,0.1009882241487503,0
1515,6058,0.19081178307533264,0
1516,6062,0.12407758831977844,0
1517,6066,0.5884349346160889,0
1518,6070,0.0026949881576001644,0
1519,6074,0.03279588744044304,0
1520,6078,0.006623620633035898,0
1521,6082,0.06417719274759293,0
1522,6086,0.44827568531036377,0
1523,6090,0.012864132411777973,0
1524,6094,0.032277464866638184,0
1525,6098,0.010599657893180847,0
1526,6102,0.6054561734199524,0
1527,6106,0.018277958035469055,0
1528,6110,0.4282967746257782,0
1529,6114,0.09531444311141968,0
1530,6118,0.16610175371170044,0
1531,6122,0.11691419035196304,0
1532,6126,0.07850243896245956,0
1533,6130,0.07272034138441086,0
1534,6134,0.041811082512140274,0
1535,6138,0.016392849385738373,0
1536,6142,0.002519194269552827,0
1537,6146,0.17211996018886566,0
1538,6150,0.5886451005935669,0
1539,6154,0.04153629392385483,0
1540,6158,0.04479696601629257,0
1541,6162,0.004867988638579845,0
1542,6166,0.3346072733402252,0
1543,6170,0.04674825444817543,0
1544,6174,0.43204230070114136,0
1545,6178,0.1302950233221054,0
1546,6182,0.053426261991262436,0
1547,6186,0.16115547716617584,0
1548,6190,0.02855777181684971,0
1549,6194,0.008917966857552528,0
1550,6198,0.13925842940807343,0
1551,6202,0.11236632615327835,0
1552,6206,0.19123393297195435,0
1553,6210,0.26409828662872314,0
1554,6214,0.1555195152759552,0
1555,6218,0.05456790328025818,0
1556,6222,0.2502054274082184,0
1557,6226,0.03908386826515198,0
1558,6230,0.5548989772796631,0
1559,6234,0.02391614019870758,0
1560,6238,0.01802741549909115,0
1561,6242,0.1766580045223236,0
1562,6246,0.019493788480758667,0
1563,6250,0.004337470047175884,0
1564,6254,0.26179951429367065,0
1565,6258,0.05957808345556259,0
1566,6262,0.042582008987665176,0
1567,6266,0.05807795375585556,0
1568,6270,0.12202458828687668,0
1569,6274,0.004542170092463493,0
1570,6278,0.008211818523705006,0
1571,6282,0.0024475993122905493,0
1572,6286,0.26881155371665955,0
1573,6290,0.1274750530719757,0
1574,6294,0.2870800495147705,0
1575,6298,0.005148855969309807,0
1576,6302,0.024715565145015717,0
1577,6306,0.048357076942920685,0
1578,6310,0.10186838358640671,0
1579,6314,0.0500945970416069,0
1580,6318,0.04585990309715271,0
1581,6322,0.2464158833026886,0
1582,6326,0.08191818743944168,0
1583,6330,0.39477914571762085,0
1584,6334,0.20899240672588348,0
1585,6338,0.07709744572639465,0
1586,6342,0.1889636516571045,0
1587,6346,0.1933908313512802,0
1588,6350,0.1358901858329773,0
1589,6354,0.003948659170418978,0
1590,6358,0.03831731528043747,0
1591,6362,0.07677492499351501,0
1592,6366,0.3945354223251343,0
1593,6370,0.1604893058538437,0
1594,6374,0.2685964107513428,0
1595,6378,0.062212880700826645,0
1596,6382,0.023285191506147385,0
1597,6386,0.034091681241989136,0
1598,6390,0.03898900747299194,0
1599,6394,0.03926701471209526,0
1600,6398,0.19370989501476288,0
1601,6402,0.0671532154083252,0
1602,6406,0.4650605618953705,0
1603,6410,0.1668425351381302,0
1604,6414,0.008940808475017548,0
1605,6418,0.11990766227245331,0
1606,6422,0.006479510106146336,0
1607,6426,0.042276687920093536,0
1608,6430,0.11472330242395401,0
1609,6434,0.006821638438850641,0
1610,6438,0.006522315088659525,0
1611,6442,0.095779187977314,0
1612,6446,0.0852876603603363,0
1613,6450,0.06412412226200104,0
1614,6454,0.25412529706954956,0
1615,6458,0.059760548174381256,0
1616,6462,0.06801114976406097,0
1617,6466,0.00809103436768055,0
1618,6470,0.042478710412979126,0
1619,6474,0.4932706952095032,0
1620,6478,0.5631965398788452,0
1621,6482,0.00298300851136446,0
1622,6486,0.03066355735063553,0
1623,6490,0.13757511973381042,0
1624,6494,0.23277652263641357,0
1625,6498,0.15017709136009216,0
1626,6502,0.14915457367897034,0
1627,6506,0.823066234588623,0
1628,6510,0.8127303123474121,0
1629,6514,0.0492083840072155,0
1630,6518,0.19419653713703156,0
1631,6522,0.0062203239649534225,0
1632,6526,0.20569927990436554,0
1633,6530,0.09814809262752533,0
1634,6534,0.03443633019924164,0
1635,6538,0.004440079443156719,0
1636,6542,0.028801681473851204,0
1637,6546,0.19354140758514404,0
1638,6550,0.13773784041404724,0
1639,6554,0.029980991035699844,0
1640,6558,0.07343778014183044,0
1641,6562,0.02465256117284298,0
1642,6566,0.1298328936100006,0
1643,6570,0.08399651944637299,0
1644,6574,0.12910404801368713,0
1645,6578,0.018517382442951202,0
1646,6582,0.047365233302116394,0
1647,6586,0.3878490924835205,0
1648,6590,0.015009615570306778,0
1649,6594,0.027680493891239166,0
1650,6598,0.27294033765792847,0
1651,6602,0.003512963652610779,0
1652,6606,0.10580535233020782,0
1653,6610,0.10752697288990021,0
1654,6614,0.07580806314945221,0
1655,6618,0.20883601903915405,0
1656,6622,0.14793531596660614,0
1657,6626,0.12816016376018524,0
1658,6630,0.5515838861465454,0
1659,6634,0.005826464854180813,0
1660,6638,0.166380375623703,0
1661,6642,0.02430950477719307,0
1662,6646,0.1220998764038086,0
1663,6650,0.02462080493569374,0
1664,6654,0.03181757777929306,0
1665,6658,0.562737226486206,0
1666,6662,0.05612148344516754,0
1667,6666,0.10351356863975525,0
1668,6670,0.12805971503257751,0
1669,6674,0.022050848230719566,0
1670,6678,0.1363672912120819,0
1671,6682,0.010072450153529644,0
1672,6686,0.1965128779411316,0
1673,6690,0.08606968820095062,0
1674,6694,0.04081433266401291,0
1675,6698,0.06420229375362396,0
1676,6702,0.10662959516048431,0
1677,6706,0.006001903675496578,0
1678,6710,0.09415832906961441,0
1679,6714,0.007955211214721203,0
1680,6718,0.18816512823104858,0
1681,6722,0.03677617013454437,0
1682,6726,0.03279370814561844,0
1683,6730,0.43070006370544434,0
1684,6734,0.024943403899669647,0
1685,6738,0.3851792514324188,0
1686,6742,0.03858326002955437,0
1687,6746,0.05670451372861862,0
1688,6750,0.06007871776819229,0
1689,6754,0.32327157258987427,0
1690,6758,0.025924228131771088,0
1691,6762,0.02964079938828945,0
1692,6766,0.11563916504383087,0
1693,6770,0.5230596661567688,0
1694,6774,0.5532289743423462,0
1695,6778,0.07998544722795486,0
1696,6782,0.6029502153396606,0
1697,6786,0.07510606199502945,0
1698,6790,0.0853598490357399,0
1699,6794,0.09826971590518951,0
1700,6798,0.005098012275993824,0
1701,6802,0.07314007729291916,0
1702,6806,0.09605854004621506,0
1703,6810,0.07283899188041687,0
1704,6814,0.01115500833839178,0
1705,6818,0.25107595324516296,0
1706,6822,0.03055540658533573,0
1707,6826,0.010582961142063141,0
1708,6830,0.08298393338918686,0
1709,6834,0.01052753534168005,0
1710,6838,0.3814678490161896,0
1711,6842,0.05180296301841736,0
1712,6846,0.2682543396949768,0
1713,6850,0.27481141686439514,0
1714,6854,0.15757954120635986,0
1715,6858,0.06783521175384521,0
1716,6862,0.03845628350973129,0
1717,6866,0.11171076446771622,0
1718,6870,0.005694690626114607,0
1719,6874,0.03213682025671005,0
1720,6878,0.1588207185268402,0
1721,6882,0.004731672815978527,0
1722,6886,0.1347901076078415,0
1723,6890,0.03422459959983826,0
1724,6894,0.07257233560085297,0
1725,6898,0.14576759934425354,0
1726,6902,0.21855664253234863,0
1727,6906,0.037522219121456146,0
1728,6910,0.005994906648993492,0
1729,6914,0.524312436580658,0
1730,6918,0.007060234434902668,0
1731,6922,0.009970109909772873,0
1732,6926,0.00544539000838995,0
1733,6930,0.4426584243774414,0
1734,6934,0.03211907669901848,0
1735,6938,0.04436580464243889,0
1736,6942,0.016679435968399048,0
1737,6946,0.22279304265975952,0
1738,6950,0.17603185772895813,0
1739,6954,0.06686877459287643,0
1740,6958,0.020874593406915665,0
1741,6962,0.15094229578971863,0
1742,6966,0.006839696783572435,0
1743,6970,0.01707061007618904,0
1744,6974,0.17163659632205963,0
1745,6978,0.08506786078214645,0
1746,6982,0.8687542676925659,0
1747,6986,0.004754537716507912,0
1748,6990,0.022642534226179123,0
1749,6994,0.14325028657913208,0
1750,6998,0.008680866099894047,0
1751,7002,0.016182873398065567,0
1752,7006,0.22844788432121277,0
1753,7010,0.008166227489709854,0
1754,7014,0.015426021069288254,0
1755,7018,0.09914223104715347,0
1756,7022,0.0025085879024118185,0
1757,7026,0.04174792766571045,0
1758,7030,0.13819566369056702,0
1759,7034,0.4189612865447998,0
1760,7038,0.00492760818451643,0
1761,7042,0.04785310849547386,0
1762,7046,0.0642969086766243,0
1763,7050,0.30828559398651123,0
1764,7054,0.022572509944438934,0
1765,7058,0.02450670301914215,0
1766,7062,0.024996008723974228,0
1767,7066,0.01395723968744278,0
1768,7070,0.20977053046226501,0
1769,7074,0.27417415380477905,0
1770,7078,0.0078811626881361,0
1771,7082,0.009622745215892792,0
1772,7086,0.012492159381508827,0
1773,7090,0.22723810374736786,0
1774,7094,0.11676771193742752,0
1775,7098,0.06355395913124084,0
1776,7102,0.0053068287670612335,0
1777,7106,0.07138936221599579,0
1778,7110,0.08579128235578537,0
1779,7114,0.27327901124954224,0
1780,7118,0.3007240891456604,0
1781,7122,0.036390189081430435,0
1782,7126,0.025050796568393707,0
1783,7130,0.15369132161140442,0
1784,7134,0.04033902287483215,0
1785,7138,0.12460517138242722,0
1786,7142,0.008815741166472435,0
1787,7146,0.3038552403450012,0
1788,7150,0.16164448857307434,0
1789,7154,0.06074926257133484,0
1790,7158,0.21217209100723267,0
1791,7162,0.267963171005249,0
1792,7166,0.007233363576233387,0
1793,7170,0.08367817103862762,0
1794,7174,0.00526849552989006,0
1795,7178,0.01877189613878727,0
1796,7182,0.3478167653083801,0
1797,7186,0.341286838054657,0
1798,7190,0.007599182426929474,0
1799,7194,0.27291223406791687,0
1800,7198,0.12731215357780457,0
1801,7202,0.05553983896970749,0
1802,7206,0.134516179561615,0
1803,7210,0.8800438642501831,0
1804,7214,0.018442103639245033,0
1805,7218,0.3660622835159302,0
1806,7222,0.0022425230126827955,0
1807,7226,0.009585971012711525,0
1808,7230,0.005000863689929247,0
1809,7234,0.09031743556261063,0
1810,7238,0.25837209820747375,0
1811,7242,0.13987506926059723,0
1812,7246,0.005471716169267893,0
1813,7250,0.01512943021953106,0
1814,7254,0.1456083059310913,0
1815,7258,0.07957225292921066,0
1816,7262,0.034360453486442566,0
1817,7266,0.5064748525619507,0
1818,7270,0.014466154389083385,0
1819,7274,0.0428820364177227,0
1820,7278,0.12848171591758728,0
1821,7282,0.0541340634226799,0
1822,7286,0.2919505536556244,0
1823,7290,0.03486230969429016,0
1824,7294,0.00812593474984169,0
1825,7298,0.9223757386207581,0
1826,7302,0.36175107955932617,0
1827,7306,0.012853861786425114,0
1828,7310,0.0026012547314167023,0
1829,7314,0.010700684040784836,0
1830,7318,0.40302449464797974,0
1831,7322,0.022501813247799873,0
1832,7326,0.3293601870536804,0
1833,7330,0.5919638276100159,0
1834,7334,0.010681483894586563,0
1835,7338,0.013278255239129066,0
1836,7342,0.22409559786319733,0
1837,7346,0.03887709602713585,0
1838,7350,0.08505146205425262,0
1839,7354,0.23548747599124908,0
1840,7358,0.13704508543014526,0
1841,7362,0.18632414937019348,0
1842,7366,0.2106475979089737,0
1843,7370,0.22217446565628052,0
1844,7374,0.02090929076075554,0
1845,7378,0.42566442489624023,0
1846,7382,0.17818227410316467,0
1847,7386,0.09783431887626648,0
1848,7390,0.006503652781248093,0
1849,7394,0.24647213518619537,0
1850,7398,0.0777525007724762,0
1851,7402,0.05744865909218788,0
1852,7406,0.011298321187496185,0
1853,7410,0.1555127054452896,0
1854,7414,0.07762113958597183,0
1855,7418,0.37854254245758057,0
1856,7422,0.0024138735607266426,0
1857,7426,0.024836787953972816,0
1858,7430,0.002777006709948182,0
1859,7434,0.046748846769332886,0
1860,7438,0.07069052010774612,0
1861,7442,0.25004303455352783,0
1862,7446,0.42898881435394287,0
1863,7450,0.05657173693180084,0
1864,7454,0.10540840029716492,0
1865,7458,0.045711345970630646,0
1866,7462,0.6123140454292297,0
1867,7466,0.022348983213305473,0
1868,7470,0.09312911331653595,0
1869,7474,0.006871308200061321,0
1870,7478,0.0025745187886059284,0
1871,7482,0.03370905667543411,0
1872,7486,0.5117447972297668,0
1873,7490,0.13491034507751465,0
1874,7494,0.05035368353128433,0
1875,7498,0.05501249432563782,0
1876,7502,0.4498237073421478,0
1877,7506,0.010805926285684109,0
1878,7510,0.06454688310623169,0
1879,7514,0.006141798570752144,0
1880,7518,0.030012574046850204,0
1881,7522,0.005545748397707939,0
1882,7526,0.24457713961601257,0
1883,7530,0.018556632101535797,0
1884,7534,0.026171743869781494,0
1885,7538,0.01819533109664917,0
1886,7542,0.11711260676383972,0
1887,7546,0.10720093548297882,0
1888,7550,0.0855172723531723,0
1889,7554,0.004071411676704884,0
1890,7558,0.15463191270828247,0
1891,7562,0.14638075232505798,0
1892,7566,0.2946179509162903,0
1893,7570,0.11173607409000397,0
1894,7574,0.033256929367780685,0
1895,7578,0.03229651600122452,0
1896,7582,0.22059790790081024,0
1897,7586,0.03006698377430439,0
1898,7590,0.05156588554382324,0
1899,7594,0.008520692586898804,0
1900,7598,0.00503299105912447,0
1901,7602,0.37252193689346313,0
1902,7606,0.3686572313308716,0
1903,7610,0.29569029808044434,0
1904,7614,0.15060073137283325,0
1905,7618,0.7157039046287537,0
1906,7622,0.14957037568092346,0
1907,7626,0.0027109188959002495,0
1908,7630,0.3659672141075134,0
1909,7634,0.09541934728622437,0
1910,7638,0.2277495414018631,0
1911,7642,0.09087878465652466,0
1912,7646,0.29064881801605225,0
1913,7650,0.04832391440868378,0
1914,7654,0.08167576789855957,0
1915,7658,0.007197893224656582,0
1916,7662,0.08403312414884567,0
1917,7666,0.3578300178050995,0
1918,7670,0.7713874578475952,0
1919,7674,0.03629773110151291,0
1920,7678,0.033813249319791794,0
1921,7682,0.6047201156616211,0
1922,7686,0.025135966017842293,0
1923,7690,0.01139472983777523,0
1924,7694,0.01951225847005844,0
1925,7698,0.20863758027553558,0
1926,7702,0.053013067692518234,0
1927,7706,0.010396888479590416,0
1928,7710,0.0029213414527475834,0
1929,7714,0.02916252240538597,0
1930,7718,0.251253604888916,0
1931,7722,0.013984118588268757,0
1932,7726,0.02766287885606289,0
1933,7730,0.15915873646736145,0
1934,7734,0.10432378947734833,0
1935,7738,0.10442062467336655,0
1936,7742,0.317482054233551,0
1937,7746,0.12773540616035461,0
1938,7750,0.2595909535884857,0
1939,7754,0.0040492406114935875,0
1940,7758,0.03670027479529381,0
1941,7762,0.005720112472772598,0
1942,7766,0.005938874091953039,0
1943,7770,0.20292818546295166,0
1944,7774,0.07667426764965057,0
1945,7778,0.09422092139720917,0
1946,7782,0.1773509383201599,0
1947,7786,0.0662422925233841,0
1948,7790,0.013068539090454578,0
1949,7794,0.19089311361312866,0
1950,7798,0.027872323989868164,0
1951,7802,0.013151979073882103,0
1952,7806,0.036419644951820374,0
1953,7810,0.006560825742781162,0
1954,7814,0.5811931490898132,0
1955,7818,0.06656418740749359,0
1956,7822,0.011309227906167507,0
1957,7826,0.003426100593060255,0
1958,7830,0.08013810217380524,0
1959,7834,0.035787906497716904,0
1960,7838,0.012685727328062057,0
1961,7842,0.2915843725204468,0
1962,7846,0.006018940359354019,0
1963,7850,0.2566204369068146,0
1964,7854,0.20413613319396973,0
1965,7858,0.1301329880952835,0
1966,7862,0.026522569358348846,0
1967,7866,0.12784257531166077,0
1968,7870,0.006622216664254665,0
1969,7874,0.005821222439408302,0
1970,7878,0.005940587259829044,0
1971,7882,0.06303920596837997,0
1972,7886,0.005005611106753349,0
1973,7890,0.11408740282058716,0
1974,7894,0.10528632998466492,0
1975,7898,0.25718045234680176,0
1976,7902,0.07398046553134918,0
1977,7906,0.18435856699943542,0
1978,7910,0.03681185469031334,0
1979,7914,0.5640127658843994,0
1980,7918,0.007125061005353928,0
1981,7922,0.18560642004013062,0
1982,7926,0.08872191607952118,0
1983,7930,0.11454056203365326,0
1984,7934,0.2722535729408264,0
1985,7938,0.0039234524592757225,0
1986,7942,0.4087235927581787,0
1987,7946,0.07449136674404144,0
1988,7950,0.023471836000680923,0
1989,7954,0.42311087250709534,0
1990,7958,0.07981041818857193,0
1991,7962,0.19070160388946533,0
1992,7966,0.41139209270477295,0
1993,7970,0.05745594948530197,0
1994,7974,0.14641904830932617,0
1995,7978,0.11782883107662201,0
1996,7982,0.01142792496830225,0
1997,7986,0.631527304649353,0
1998,7990,0.409674733877182,0
1999,7994,0.022891486063599586,0
2000,7998,0.3168582022190094,0
